key,name_en
101073, LAARCOURIER
101030, W/:\RP
190135,139Express
190659,17EXP
190164,17FEIA
191047,1ST
190400,1STOP
100905,1strack
190349,1TONG
191215,218 Logistics
101113,247Express
100354,2GO
190811,3CLIQUES
190881,3DADA
100746,3JMS Logistics
191376,3PE EXPRESS
100664,4 SIDES
3131,4-72
100919,4CUS
190583,4PLLAB
190094,4PX
100135,5Post
190240,5UL
190782,6ZEX
101037,7 Hours Express
191285,7Days SupplyChain
190456,7-ELEVEN
190677,7TM
100477,99Minutos
100678,A Tiempo Cargo 
100688,A TU HORA EXPRESS
100724,A. Duie Pyle
100412,A1 POST
100343,AAA Cooper Transportation
100340,ABF Freight
191161,ABT
190512,ac logistics
101051,accufRATE
101111,ACI Express
100325,ACI Logistix
100726,aCommerce
101144,acrossB
100070,ACS
191178,ACS Logstic
191092,ACS WORLDWIDE EXPRESS
100838,ACT Logistics
190042,ADA国际
191101,Adico
100353,ADSOne
101018,Advanced & Simple Logistics
101166,Advantage Logistics
100742,Aeronet
1021,Afghan Post
191029,AFL LOGISTICS
190833,AfterHaul
100251,Agility
191323,AHC
191381,AHC
190927,AHGJ
100563,Air Bus Logistics
100713,Air Star Xpress Couriers
100088,Airpak Express
100645,AirTerra
100826,AIRTRANS GROUP LTD.
100716,AIRWAYS COURIER
100794,Airwings
100443,AIT Worldwide Logistics
100296,AJEX
100705,Akash Ganga Courier
191071,Aknien
91021,Aland Post
1031,Albanian Post
191207,ALE
100551,ALF Mensajería 
101122,Alfa Delivery Services
1043,Algeria EMS
1041,Algeria Post
191193,Alibaba.com Logistics
190625,AliExpress
100648,Allegro
100623,Allied Express Transport
191294,All-in Logistics
190163,ALLJOY
190409,AllRoad
191123,ALLWIN
101054,Almex
191288,Alphastline
100733,Always Express
100440,AM Home Delivery
191340,AMA
101081,Amazon Shipping (ES)
101001,Amazon Shipping (FR)
100417,Amazon Shipping (IN)
100750,Amazon Shipping (IT)
100309,Amazon Shipping (UK)
100308,Amazon Shipping + Amazon MCF
100510,AmbroExpress
100727,Americanas Entrega
190391,AML
190804,Am-logistics
9051,An Post
190923,Anbeiqi
191167,And Tongda
191405,Andida
100497,Andreani
191174,Ane Express
191398,Anhua International
190047,Anjun
190790,ANL
190898,ANL
190944,ANS
190304,AnserX
190265,ANT Express
101175,ANT PARCEL TRACKING
100589,Anteraja
92021,Antilles Post
190965,ANYIDA
191113,ANYUN
190370,AO YOU
191093,Aomeng
191229,AOSEN
191519,Aotsd
191089,AOYUE
101075,AP Cargo
101065,APC Overnight
100121,APC Postal Logistics
100178,APG eCommerce
101041,APG Global
190949,Aplus
100527,AppleExpress
100090,Aquiline
100006,Aramex
100044,Aramex AU (formerly Fastway AU)
100067,Aramex NZ (formerly Fastway NZ)
100607,Aras Kargo
100333,ArcBest (Panther)
100649,Arco Spedizioni
100988,Ark Space
101076,Arrow XL
191105,ARU
92031,Aruba Post
100796,ASE Asia Africa Sky Express
100029,Asendia
100016,Asendia USA
190521,ASGYL
190303,ASIAFLY
100434,Asigna
100989,ASL Distribution Services (ASL)
191196,AST
191205,ASWKK
100820,Asyad Express (أسياد)
190408,AT
191219,ATB
101009,ATC Express
100769,ATC Logistical Solutions Pvt. Ltd
191253,ATI
100828,Atlantic International Express
190787,ATMAD GLOBAL CARGO
100699,ATS Healthcare
190350,AtWindow
191201,ATX
191112,AU-Hawk
190146,AUS
1151,Australia Post
100565,Australian Regional Xpress Pty Ltd
1161,Austrian Post
191031,AUSTWAY
100561,avent Logistics
100444,Averitt Express
191471,AX
191515,AYD
100855,AyMakan
100858,AyMakan (AE)
191540,AYT
1171,Azer Express Post
190076,BAB
190979,baiyanda
191166,BAIZHOU
191494,BANGGUOTIANXIA
2031,Bangladesh Post
190703,Baosen Suntop
2041,Barbados Post
191437,BASAEXP
100465,Basl Express
190897,BCD
190968,BCYT
191400,BDT
190627,BE
100888,BEE FAST
191557,Beewin
191006,Beiran
190108,BEL
2071,Belize Post
2051,Belpost
190934,Beluga Logistics
191269,BENBEN
100130,Beone
90041,Bermuda Post
100391,BEST EXPRESS
190846,Best Inc (CN)
190259,Best Inc.
100916,Best Overnite Express
101077,Best Yet Express
191235,BESTFULFILL
100473,Better Trucks
190933,BETTER WAY 
100666,BEX
191177,BGY
191279,BH
190434,BHT
2101,Bhutan Post
100617,BIG Smart
190089,Bird System
191126,BISHENG SHIPPING COMPANY
100780,Biz Courier
190829,BJL
191396,BJPANDA
101003,BJS Home Delivery
190913,BL
100289,Black Arrow Express
100630,BLACKHAUL
191380,BLKJ
100055,Blue Dart Express
100250,Blue Express
190589,Blue Leopard
191510,Bluebird
190910,BlueBuc
191547,BlueBull
100053,Bluecare
100098,BlueEx
100453,Bluestreak
190843,BMURFS Express
191108,BNGYL
190921,BNYT
190749,BODA
191096,Bollyman
100823,Bombax Logistics Pvt. Ltd.
100193,Bombino Express
190080,BONA
190882,Bondex
100949,Bonds Transport Group
101164,Bookabldg
101141,Booth Logistics
100414,Border Express
191147,Boss Logistics
100487,Bosta
2131,Botswana Post
101008,BOX NOW
190774,Box Supply Chain
100157,Boxberry
100614,BoxC
190570,BOXIN
100276,Boxme
100520,Boxtal
100749,Boyacá Delivery
2061,Bpost
2063,Bpost International
190011,BQC
191077,BR
190335,BR1
100534,BRANDING WORLDWIDE PTY LTD
100375,Brazil Border
100557,Breeze
190715,Bright Future Supply Chain
100423,Bring
100166,Bringer Air Cargo
100197,Bringer Parcel Service
101105,Bringly
191127,Broadway
100446,Broker Den
100026,BRT Bartolini(DPD)
2161,Brunei Post
191022,BRWL
190708,BSB
190290,BSI
190361,BSIE
190331,BTD
100609,Budbee
100707,Bue Sky Courier
190226,BUFFALO
100621,BUFFALO (ZA)
2171,Bulgarian Post
100521,Bunddl
2191,Burundi Post
191200,BY56.com
191468,BYD  
190279,BYT
101138,C Chez Vous
190602,"C&C Co.,Ltd"
101078,C.H. Robinson
190905,C2I LOGISTIC
101153,c807xpress
100045,Cacesa Postal
190271,Cainiao
191076,Cainiao(CN)
100770,CallCourier
3021,Cambodia Post
3031,Campost
191086,Canada GTL Express
3041,Canada Post
100146,Canpar Express
100915,Cargo International
100869,CargoEx Freight Movers
100174,Cargus
100078,Caribou
100371,Castle Parcel
100851,CATHEDIS
100349,CBL Logistica
190783,CC logistics
190904,CCE
190364,CD
100030,CDEK
190556,CDEX
100263,CDL Last Mile
191011,CEL
100219,Celeritas
190709,CENTEX
100956,Central Transport
100297,CEVA Logistics
190210,CGS
191355,CGSD
191008,Changhui Logistics
191280,CHAODAEXP
190770,Chaoyue international logistics
101126,Chazki
190725,CHENGTONG
190470,CHH
191511,Chic
191353,CHIEN SUPPLY CHAIN
100278,Chilexpress
3013,China EMS
3011,China Post
190575,CHINA SOUTHERN AIR LOGISTICS
190393,CHINACOURIER
191467,CHINZ LOGISTICS
100244,Chit Chats
190983,CHRISSELL
100273,Chronopost
100137,Chronopost Morocco
190447,Chuangyu Logistics
190111,Chukou1
20011,Chunghwa Post
20012,Chunghwa Post (Demestic)
100958,Chunil Cargo
100732,Chyuan-Toong Logistics
190594,Cigerma
190595,CIMC ADS
191339,CIRRO E-Commerce
191150,CIRRO Parcel
191249,Citiparcel
100837,Citi-Sprint
190234,CITITRANS
101084,City Express
100081,City Link
100405,CityMail
190283,CJ
191386,CJ
100117,CJ Century
100116,CJ Korea Express
100689,CJ Logistics
100540,CJ Logistics (SG)
191159,CJ Packet
191313,CJBG
191162,CJ-EXP
190834,CK internation
191149,CLE
100698,Closer Logistics
100755,CMA CGM
190999,CMK
190448,CN wang tong
191366,Cn56
190208,CNE
100267,CNILINK
191440,CNOH
190487,CNOR
191415,CNTOIN
191549,CNYT
101127,COD Express
100370,Colicoli
100027,Colis Prive(Colis Privé)
100239,Collect+
190711,COMEBOX
100182,Comet Hellas
190414,Comet Tech
100155,Commonline
190428,ComOne Express
100512,Compass
100847,Concord Logistik
100486,Connect Couriers
100852,Continental Courier Service
100467,Conwest Logistics
100493,Coordinadora
100255,Copa Airlines Courier
100940,COPE Sensitive Freight
2151,Correios Brazil
3061,Correios Cabo Verde
13221,Correios de Moçambique
1121,Correo Argentino
7121,Correo de Guatemala
19031,Correo El Salvador
16051,Correo Paraguayo
21041,Correo Uruguayo
3101,Correos Chile
3181,Correos Costa Rica
3201,Correos de Cuba
8041,Correos de Honduras
5011,Correos Ecuador
100048,Correos Express
16031,Correos Panama
19181,Correos Spain
190138,Cosco Shipping Air
190722,COSEX
100667,COURIER CENTER
100927,CourierIt
100131,CourierPlus Nigeria
100122,CouriersPlease
190666,Cowin
190469,CPEX
191377,Crane Worldwide (E-commerce)
191308,CRED
100745,CRL Express
3191,Croatian Post
100454,CrossCountry Freight
100978,Crossflight
190849,CSE
190404,CSIL
191069,CSJWL
100400,CST Italia Scarl
190670,CTGJ
190548,CTS
100626,CTS GROUP
16101,CTT
100114,CTT Express
191049,CTTYEX
100231,Cubyn
100631,CUpost (CU 편의점택배)
100922,Custom Companies
190419,CXC Express
190510,CXE
191501,CXGJ
191025,CY
100466,Cycloon (Fietskoeriers)
3211,Cyprus Post
191542,CZ
3221,Czech Post
100451,Dabonea
100342,DACHSER
100944,DAESIN
100372,Daewoo FastEx Courier
191518,DAEX
100790,DAI Post
101058,Daily Xpress
100600,Dakota Group
190560,DaMai Yuncang
100346,Danske Fragtmænd
100148,dao
191099,DaoYi
101042,Darwynn Driver
100288,Dawn Wing (DPD Laser)
100406,Day & Ross
100472,Daylight Transport
190769,Dayone
100928,Dayton Freight
100206,DB Schenker
191309,DBF
100725,DD Express
190891,DDGYL
100097,DDU Express
190616,De Well
100291,DealerSend
190872,Dealfy
101017,Dedicated Delivery Professionals Inc.
190734,Deksu
100060,Delhivery
101157,DELIVER DIRECT
100445,DELIVER-IT
101062,Delivo
100108,Dellin
100212,Delnext
100334,Deltec Courier
100690,Dependable Supply Chain Services
190174,Deppon
100287,Deprisa
100777,Der Kurier
100977,Designer Transport
7044,Deutsche Post Mail
191371,Devtrans
190926,DEX
191485,DG
191319,DGHY
190818,DH
190597,DH CITY EXPRESS
191056,DHGJ
100216,DHL ACTIVETRACING
7048,DHL eCommerce Asia
100765,DHL eCommerce CN
7047,DHL eCommerce US
100001,DHL Express
100245,DHL Freight
100766,DHL Global Forwarding
7041,DHL Paket
100392,DHL Parcel (ES)
100047,DHL Parcel (NL)
100226,DHL Parcel (PL)
100152,DHL Parcel (UK)
100430,DHL Parcel Spain
100842,DHL Supply Chain APAC
190899,DHLink
190984,DHT
101173,Diamond Line Delivery
190658,DIDA International Logistics
190515,DIDADI
100737,Dimerco
190716,DingDian
191283,Dingli Tongyun
101066,Direct Freight Express
19244,Direct Link
100885,Direct Xpress
100747,Direx S.A. (Дайрекс EАД)
190839,DJX
190922,DK
191482,DLX
100966,DM Delivers
100759,DMSMatrix
190413,DNJ Express
100714,DNX Cargo
100365,DobroPost
191538,dofafo
101171,Dohrn
100897,Domain Logistics
101134,DomEX
190706,Dongdi exp
100702,DOORA Logistics. (두라로지스틱스)
101036,DoorDash
190585,DOR
190576,DORJE
100188,DotZot
100556,DPD (AT)
100321,DPD (BE)
100815,DPD (CH)
101032,DPD (CN)
100483,DPD (CZ)
100007,DPD (DE)
100808,DPD (EE)
100072,DPD (FR)
100404,DPD (GR)
100807,DPD (HR)
100584,DPD (HU)
100142,DPD (IE)
101087,DPD (KZ)
100810,DPD (LT)
100814,DPD (LU)
100809,DPD (LV)
100811,DPD (NL)
100111,DPD (PL)
100204,DPD (PT)
100177,DPD (RO)
100071,DPD (RU)
100813,DPD (SI)
100812,DPD (SK)
100010,DPD (UK)
101088,DPD (UZ)
101108,DPD Group
100709,DPD Local
191032,DpdEx
190424,DPE Express
100014,DPEX
190807,DPExpress
191336,DPS 
190490,DPX EXPRESS
100422,Dragonfly
190454,Dream & Love
191213,DSGJ
100186,DSV
100298,DSV e-Commerce IL
100652,DTD
100069,DTDC
191023,Duotu supply chain
190503,DuXiuExp
190869,DVEX
190358,DWE
190133,DWZ Expres
100484,DX
190397,DYEXPRESS
190747,DYJ
190742,DYLogistics
191100,DZT
191532,E Fund International Logistics
191274,EAA
190329,EAC
100712,Eagle Post
191357,EAGLEDHL
191407,EagleShip
100225,Early Bird
190538,EASIPASS
100756,East Wind Express
191375,Easy
100194,Easy Mail
100075,Easy Way
100095,EasyGet
190824,EasySeller
190527,Ebaza
190579,EBOEXP
190330,E-Bond
101006,"E-Cargo (אי קרגו לוגיסטיקה בעמ)"""
190187,ECexpress
190502,ECG
190817,ECGO
191472,EChain
191017,ECHEERS
100684,Echo Global Logistics
190168,ECMS
101168,ECO EXPRESS
100099,Ecom Express
100525,E-Com Shipping Solutions (P) Ltd
190486,E-commerce KZ
100435,Ecoscooting
100485,ECOTRACK
100947,eCourier
191132,ECWHARF
190376,ED POST
191310,EDASUN
190562,eDeliver
100957,EDI Express Inc
190261,EDL
190423,Edlon Logistics
100306,EFS (E-commerce Fulfillment Service)
101071,EGXPRESS
5021,Egypt Post
100056,Ekart
100902,Eksprespasta
100464,Eli Express
191214,E-lian
190392,ELINEX
100647,Elite Co.
7071,ELTA
100179,ELTA Courier
191139,Emile Corp
5031,Emirates Post
101039,Emons
100685,EMS (Express Mail Service)
101099,EMU
100427,endicia
12011,Enterprise des Poste Lao
12016,Enterprise des Poste Lao (APL)
100822,Entrego
100993,envía (envia)
100432,envialia
190836,Enyuan International
100718,eParcel Korea
191378,EPE OWOS
190099,EPOS
190700,E-post
11051,ePOST (인터넷우체국)
11054,ePOST (인터넷우체국)(Domestic)
100028,ePost Global
190321,EPP
190028,EPS
190746,EPS CROSS BORDER
190185,EQT
191088,Equator Intl
190735,Equatorial Supply Chain
190136,Equick
190289,escbest
190929,ESD
190242,ESE
100627,eShip
190539,eShiper发件网
100428,eShipper
190075,Eshun
100558,EsigetExpress
191221,ESL
100103,Esnad Express
191390,ESP
190444,Espost
100139,Estafeta
100819,Estafeta USA
100221,Estes
100964,Estes Forwarding Worldwide
190275,ESX Logistics
190462,ETEEN
5051,Ethiopian Post
191013,E-touch 
190017,ETS
190906,EUK
100196,EURODIS
100526,EuroExpress
190494,EVERWIN
100331,EVRi
190412,EWE Global Express
190026,EWS
100914,Excel Transportation
101093,Exclusive Delivery Network
100994,ExelDirect
100032,Exelot
100270,Expeditors
190574,ExPlus
100328,Express Courier International
100708,Express Courier Link
100265,Express One
101091,Express One (BG)
101092,Expressgodo Logistics
190493,ExwWorld
190969,Fafalux
100523,FamaFutar
100227,FamiPort
100629,FAN Courier
100800,FAN Courier (EU)
190939,Fan Sheng
190691,FANKU
190152,FAR International
100310,FARGO
190399,fargood
96021,Faroe Post
100779,Fast and Furious
100158,Fast Despatch
100301,FAST EXPRESS
100870,Fast Express Cargo Pvt. Ltd
100882,Fast Horse Express (AU)
100917,Fast Horse Express (NZ)
100918,Fast Horse Express (US)
191497,Fast Vessel
100772,Fastbox (패스트박스)
101021,FastEntegre Shipment
190916,faster
191180,Faster Cargo
101094,Fastfrate Group
190541,Fastgo
100844,FASTIEXPRESS
100668,Fastlinkagexpress
190814,FASTSUPPLY
100068,Fastway (IE)
100066,Fastway (ZA)
101110,Fastway Logistics
190337,FBB
191466,FCEX
190697,FCJY
190314,FCKJ
191393,FD  
100003,FedEx
100854,FedEx France Domestic
100841,FedEx® Cross Border (UK) 
100222,FedEx® International Connect (FIC)
100261,FedEx® Poland
190903,Fengji Global
100458,Fercam
100533,fermopoint
190788,FF Express
100967,Fiege Netherlands
6031,Fiji Post
100682,First Flight Couriers
100894,FIRST FLIGHT SINGAPORE
100990,First Fly Express
100393,First Global Logistics
191134,FIRST UNION
100191,FirstMile
100853,Fizzpa ( فيزبا)
190353,FJEX
191075,FL
100482,Flash Express (LA)
100481,Flash Express (MY)
100480,Flash Express (PH)
100235,Flash Express (TH)
191483,FlashGo
190981,FLEETAN
191298,FleetEx
101035,FleetOptics
191412,FleetTurbo
100651,Flickpost
100986,Flight Logistics
100094,Flip Post
100654,Fliway
190731,FLS
190932,Flyfast
100937,Flyking
190002,FLYT
100532,FMX
191566,FOREST
191061,ForestLeopard
100817,Forward
100513,Forza Delivery
190322,Four Seasons
100380,FOXPOST
100234,FPS Logistics
100936,France Express
100602,Franch Express
190505,Frayun
191122,Freedom SCM
100773,Freightquote by C.H. Robinson
191487,FriendShip
100899,Frontline Freight
191543,FS
191015,FSD
191084,FSD
190371,FSGJ
190727,FSQH
191365,FSTCARGO
100681,Fstexpress
191246,Fudu Logistics
190591,Fuhai Wulian
100599,Fukuyama Transporting (福山通運)
100760,Fulfilla
190534,Fulfillant
190528,FULFILLMEN
101043,Fulfillment Bridge
100881,Furdeco
101102,Fuuffy
191266,FZEX
191074,FZR
100145,GAASH Worldwide
190381,GAEA
191385,GAEA
190901,Gande
100317,Gate Link Logistics
100717,Gati
190119,Gati (CN)
191190,G-BILLION
191570,Gbox
190953,GBS
100313,GBS-Broker
100754,GBtechnology
191259,GCC56
100173,GCX
100150,GD Express
190786,GDE
191060,GDJN
190754,Gdyhwl
100431,Gebrüder Weiss (GW)
100424,Gefco
100141,Geis
101067,Geis (PL)
100396,GEL Express Logistik
90021,General Post Office
100224,Geniki Taxydromiki
100962,Genka Express
100356,GEODIS
101156,GeodisPL
7031,Georgian Post
191046,GESC
100575,GFL Logística
190672,GFS
100578,GFS Seeker
100723,GFS Xpress
191349,GG
7051,Ghana Post
191208,GHD
190656,GHL
100202,GHL Logistics
100593,GHN (Giao Hàng Nhanh)
90061,Gibraltar Post
101074,GIG Logistics
101034,GigaCloud Technology Inc
190398,GIMEN
100960,Gio Express
100169,GlavDostavka
190879,GLEX
100739,"Global Commercial Technology Co.,LTD."
100983,Global Eco
100470,Global Express
191359,Global Logistics
191523,Global Net
100429,Global Post
100300,GLOBALTRANS
100873,GlobKurier.pl
100433,Glovo
100005,GLS
100207,GLS (Croatia)
100281,GLS (CZ)
101070,GLS (DE)
100280,GLS (HU)
100024,GLS (IT)
100384,GLS (NL)
100316,GLS (PT)
100284,GLS (RO)
100283,GLS (SI)
100282,GLS (SK)
100305,GLS (US)
100208,GLS Canada (Dicom)
101109,GLS Group
100646,GLS Portugal (National)
100189,GLS Spain (National)
100545,GLT Express
100953,GMS Worldwide Express
101064,Go Logistics
100963,GO! Express
101174,GO2 LOGISTICS
100411,Go4
101116,GoBolt
190623,GoFast
100996,GOFO Express
100421,GoGo Xpress
191433,GOLDEN WAY
101149,GOOD Express
191119,Good luck International
100624,Goodluck Courier Service
190723,GORTO
100539,GoRush
190663,Gotofreight
191115,GOX
100133,GPD Service
190761,GPL
190860,GPS
100156,Grand Slam Express
190506,Granful Solutions Ltd
100105,Grastin
191321,Greatsell
191320,Greencargo
191382,GREENROAD LOGISTICS
101057,Greenway
100656,Green-Way couriers
101151,Grigora Logistics
100299,Grupo ampm
100866,Grupo Castores
191516,GS CARGO
100874,GS Networks (GS네트웍스)
100542,GT Xpress
101119,GTA GSM
100118,GTD
190637,GTI
100076,GTS Express
100516,Guatex
191141,GUOO
7141,Guyana Post
100203,GV
191513,GWE
191498,GX
190183,GXA
190728,GYY
190765,GZFL
190695,GZHY
190651,GZSZHHY
191562,GZWL
191230,H&A LOGISTICS
191502,HAIGUI CARGO
100502,Hailify
190680,Haixin Express
191182,Halosend Logistics
190956,HangBang
191459,Hangcheng Supply Chain
100266,Hanjin
191095,HAN-SEA
190895,haohai
191344,haoyouyi
100223,Happy-Post
190958,harlyson
100450,Hart 2 Hart
1131,Haypost
191155,HBGJ
190982,HC logistics
191053,HCRD
191116,HCST
190466,HCT Logistics
191457,HDKJ
191528,HDLINKS
190299,HDQN
191114,HeBang International
190609,Hecny
100518,Hellmann
100181,Helthjem
190767,Hengxun Logistics
190555,Heping Logistics
100642,HepsiJET
191493,Herald Express
100018,Hermes
100031,Hermes (DE)
100091,Hermes Borderguru
101083,Hermes Einrichtungs Service
101146,Heycouriers
100327,HFD
191379,HGD
191568,HGE
190678,HH logistics
190681,HHH
191453,HHSD
190600,HHY
190457,HiLiFe
191073,Himori Express
101048,Hispapost 
100628,Hiyes
190497,HJ-GYL
190229,HJYT
190156,HKD
191358,HKD
191539,HM
190867,HMC
190474,HMCP
190372,HMG
190885,HMTM
190369,HNCA Logistics
191217,HNGT
101038,Hofmann
100840,Holisol
100657,Homerr
190598,Hong Hai Chain
191251,HONG KONG GLOBAL TNTERNATIONAL LOGISTICS LIMITED
191111,HongBong
8011,HongKong Post
190799,HONGXING
190738,Honor Logistics
191299,HORIZON
190854,HOS
190887,HOSTO
191181,HOTSIN
100274,Hound Express
101044,Houng AH Loun Logistics
190464,HOYANGexpress
191043,HP Logistics
190947,HPWL
190388,HQGJXB
100243,HR Parcel (HRP)
190031,HRD
2123,Hrvatska pošta Mostar
100324,HRX
190480,HSD
190416,HSD Express
190352,HSDGJ
190619,HSGJ
190931,HST LOGISTICS
191496,HT
191194,HTH
191267,Hua
190003,HuaHan Logistics
190328,HuaHang
191179,Huahe International
191317,HUALIANGANG
190685,hualihang
191399,Huangyun Logistics
190501,HUANSHI56
191442,Huanyi
190996,HUARUITONG
190382,Huasheng INT
190421,HuaXi Express
191574,HuaXiang Logistics
100804,HUBBED
101013,Hub-Ez
191287,Hubo Logistics
191153,HUIGANWU
190173,HUIN Logistics
191406,Huipaidaexp
190914,HUITIAN
190467,Hundred Miles Freight
100233,Hunter Express
190559,Huodull
190489,HX
190935,HY
191318,HY
190437,HY Express
191450,HY920
191000,HYD
191284,HYE
190712,HYJY
190894,HYL
191465,HYSJPOST
190306,HYTX
190471,HZC
191563,HZT
190848,HZZH
100893,ICC Worldwide
9011,Iceland Post
100638,ICS Courier
100345,iCumulus
190624,IDE
100511,IDexpressIndonesia
100104,IDS Logistics
191334,IITW
100891,IKEA (TH)
190726,ILINE
100661,iloxx GmbH
190626,ILS
190438,iMile
100867,IMX DISTRIBUTION GROUP
100904,Indah Logistik
9021,India Post
100336,InexPost
4041,Inposdom
100594,InPost (ES)
100469,InPost (IT)
100043,InPost (PL)
100598,InPost (PT)
100462,InPost (UK)
101114,Insmail Express
100562,Insta World
100932,Instabox
100636,InstaDispatch
101059,Integrated Couriers & Logistics
100555,Intelcom (CA)
190572,INTEL-VALLEY
100360,Inter Courier
100491,Inter Rapidisimo (INTER RAPIDÍSIMO)
100674,Intercontinental Cargo Movers
100528,Intereuropa
190533,Interlet
100381,Internet Express
100210,Interparcel (AU)
100211,Interparcel (NZ)
100209,Interparcel (UK)
100764,INTEX Paketdienst
101022,Intime ship
100691,INTRAS CORPORATION
101107,iParcel
100015,i-Parcel
22031,Ipostel
191063,IPS
100277,IQS
9041,Iran Post
9081,Iraq Post (البريد العراقي)
100257,ISO Logistics
9061,Israel Post
100857,Itella
100437,iThink Logistics
100492,Ivoy
100778,J&T Cargo (ID)
101019,J&T Cargo (MY)
100856,J&T Express (AE)
100797,J&T Express (BR)
190442,J&T Express (CN)
100619,J&T Express (EG)
100074,J&T Express (ID)
100388,J&T Express (MX)
100079,J&T Express (MY)
100240,J&T Express (PH)
100402,J&T Express (SA)
100229,J&T Express (SG)
100271,J&T Express (TH)
100456,J&T Express (VN)
100295,J&T International
101052,Jadlog
10011,Jamaica Post
101053,JAŃA POST
100728,Janco E-Commerce
100140,Janio
10021,Japan Post
100115,JAPO Transport
190793,JASPOST
191488,JBD
190940,JC Logistics
190120,JCEX
190994,JCH
191103,JCW Express
191121,JD Logistics
190302,JD Worldwide
100120,JDE
191535,JDGJ
190567,JDIEX
100228,JDL Express
190498,JDT
190332,JDY
100238,JENY
90091,Jersey Post
100554,Jet Logistic
100890,JET-F WORLDWIDE EXPRESS
100625,Jetline Couriers Pvt. Ltd
191391,JF packet
191531,JFLY
191195,JGEX
190357,JH
190918,JHEX
191343,JHTrack
191337,JIARUI
190902,Jiashida
191198,JIAXINGUOJI
191098,JIAYANG
190274,JIAYOU EXP
191368,JIEBAO
190544,Jiedan logistics
190641,Jiede supply chain
190962,JieHao
191129,JIESHUN LIANYUN
190955,Jifan
190990,JiMai
191392,JIMMY
191067,Jindouyun
190465,JINLAI
191142,Jinlian
190612,JINSHIDA
190690,Jinyue Freight
100272,Jitsu (AxleHire)
190301,JiuFang
190908,Jiyun logistic
191546,JJ GLOBAL
190588,JJWEX
191426,JKL
191257,JL
191484,JL56
190828,JLH
191559,JMGJ
191330,JND 
100086,JNE Express
190082,J-NET
100359,Jocom
191499,Jomalls
100449,Joom Logistics
10031,Jordan Post
191411,JOURNEY TO VISION
191057,Jowee
190379,JOYING BOX
2121,JP BH Post
101025,JP Express
101132,JP Logistics
191551,JPS
190443,JPSGJ
190812,JQGJ
191055,JR
190199,JS
191460,JSDZJ
190025,JSH
191564,Jshoton
191243,JSR
190936,JSYD
190832,JTD
190105,JTEX
191143,JTHQ
190951,JTR
190967,JUMP
100945,Jumppoint
190757,JunFeng International
191561,Junhe
190758,JUNYA
100871,Jupiter Services
190644,Jusda International
190980,JWGJ
190739,JX EXPRESS
191372,JXGYL
191002,JXSF
190365,JY
190460,JYC
191526,JY-EXP
190959,JYGJ
191247,JYH
191367,JYKJ
191224,JYM Express
191169,JYTD
191548,JYTWL
191455,JZDD
190875,JZGJ
191009,KaixuanJia
100887,Kangu
191120,Kapoklog
101135,kart2door
11011,Kaz Post
190977,KCKEX
191202,KCO logistics
100544,KDZ Express
191054,KEAS
191427,Keishong
191555,Keke logistics
11021,Kenya Post
190225,Kerry eCommerce
100634,Kerry Express
100338,Kerry Express (HK)
100236,Kerry Express (TH)
100704,Kerry TJ
100064,KEX Express (ABX Express)
100954,Khubani Air Pack
101095,Kindersley Transport
190577,KING KERRY
190426,King Kong Express
101026,Kinisi Transport
100632,KINTETSU LOGISTICS SYSTEMS (近鉄ロジスティクス)
100748,Kintetsu World Express (近鉄エクスプレス [KWE])
11041,Kiribati Post
191565,KJGJSD
191290,KJK Express
191124,KLE
100085,K-mestu
191421,KMGJ
190366,Komon
190452,Kong Lok Express
191234,KongFu
190606,KPK
191569,KQ
190431,Krexi international
100757,Kronos Express
190522,KTD
191102,KUAIKAI
191210,KUAIYAN
190950,kuaiyueda 
190390,KuaJing Line
100164,Kuehne Nagel
190802,KUN
100660,Kurasi
100585,Kurir Rekomendasi (Tokopedia)
11081,Kuwait Post
190876,Kwai Bon
100883,Kwick box
100641,Kwiksave Logistics
190054,KWT
191184,KxExp
191370,KYD
190551,KYE
190845,KYE (CN)
190611,KYLIN
190453,Kylin Express
11094,Kyrgyz Express Post(KEP)
11091,Kyrgyz Post
6051,La Poste (Colissimo)
2081,La Poste De Benin
19081,La Poste De Senegal
20051,La Poste De Togo
20101,La Poste De Tunisia
13071,La poste du Mali
100529,LaBaih
100021,Landmark Global
100052,LaserShip
101089,LAST ONE MILE CO-OP (ラストワンマイル協同組合)
191312,LAT Logistics
190504,latam
101130,Latam Global
12021,Latvia Post
101118,Lazada Choice
100997,Lazada Logistics (VN)
191066,LB Logistics
100264,LBC Express
190676,LBTX
191203,LCD
190582,LCDGYL
100366,LCS-Leopards Courier Service
190686,LDGJ
191272,LDTGYL
190285,LEADER
190507,LEDii
100351,Legion Express
190445,LeiYi international logistics
100886,Lenton Group (DPD)
190451,lerdex
12041,Lesotho Post
101125,LetterTrack
190223,LEX
100898,LEXSHIP
191199,Leyi Cross border
191439,LFDS
190645,LHE
191165,LHT Express
191227,LHTD
191338,lianye int.
191402,LIB
12031,Liban Post
190422,LiBang Logistics
12061,Libya Post
100494,Liccardi
190347,Lidi Logistics
191463,LIGHTCONE SCM
100358,Line Clear Express
190473,Linex
190971,LING YUN
190660,Lingjing
190360,LingXun Logistics
190973,LinHan
191293,Link Road
190964,Link Supply Chain
191233,linktrans
190858,LINLONG
100586,Lion parcel
100302,LionBay
100984,LionWheel
12081,Lithuania Post
190873,Liuchen
190779,LJKJ56
190679,LLGJ
190380,LMSY
191110,lnon Supply Chain
190993,Logbay
100618,Logen (로젠택배)
100457,Loggi Express BR
190461,Logisters
101140,Logistics Daejang
190884,Logistics Tracking
101123,Logistio
101133,Logistiq
100884,LogoiX
191028,logsoeasy
191058,LONGXIN
191424,Longyida International
100205,Loomis Express
100506,Lotte Global Logistics
191479,LPD
100969,L-POST
191444,LSGJ
100337,LSO(Lone Star Overnight)
191332,LSZ
190172,LTEXP
190386,Luckinpost
191078,Lucksoon
101120,Lucky Fast Express
12101,Luxembourg Post
100020,LWE
191038,LXGYL
191261,LYST
190713,LZFBA
100720,M XPRESS
191026,M&H
100374,M&P Courier
100970,M3 Logistics
13011,Macau Post
13021,Macedonia Post
100710,Madhur Courier Services
190356,Madrooex
101016,Maegmant
100768,Maersk
191311,Magic Land
101023,Magnum
8051,Magyar Posta
100832,Mail Boxes Etc (MBE)
100389,Mailalliance
13134,MailAmericas
100976,Mailog
100507,Mainfreight
100860,Major Express
100843,MAKATI EXPRESS 
190475,Make Fly
100752,Malca-Amit
13061,Maldives Post
13081,Malta Post
101139,Manga Freight
100909,Maple Logistics (便利帶)
100606,Mark Express
100735,Maruti Air
190664,MASSPACK
100386,Master-Shifu
100161,Matkahuolto
101161,Matson
101165,Matson Group
13131,Mauritius Post
190526,MAXPRESS
100680,Mazet
191363,MCGYL
190871,MCN
190278,MCTrans
100350,MDS Collivery
191322,MDTGJ
100023,Meest
101162,Meest Group
100952,Megacity Courier
191238,mega-swift
191136,MEIHUAN
190883,Meiyi
191473,Mengtu
100362,Mercury
191228,Meso-global
191362,Metooda
100929,Metropolitan
13141,Mexico Post
100455,Meyer Distribution
100515,Meyer-Jumbo
191163,MF
100798,MGL Express (Magnate Group Logistics)
190525,mgoship
100787,MHI
190896,MIA 
100201,Micro Express
190954,MIDUOQI GLOBAL
191491,MILI
100985,Miller Deliveries (מילר משלוחים)
190545,Mingda
191042,Minghao International
190781,Mingyu Logistics
190063,Mingzhi
190027,MIUSON
191361,MJ
190516,MKD
100608,MNG Kargo
101101,MNPOST LLC
100942,MOA Logistics
13161,Moldova Post
100304,Mondial Relay
101150,Mongol Infinity Post
13181,Mongol Post
101159,Mongol Post (eCommerce) 
101029,Monsotrack
13191,Montenegro Post
101050,Moran Transportation Corporation
190643,More Logistics
190491,MORELINK
100531,Morning Global
13211,Morocco Post
101056,Mothership
100951,MOVIN
100640,MRL Global
101158,Mrsool
100175,MRW
101079,MSC
190334,MSD
191537,MSGJ
190745,MSS
100383,MTD
100418,MTO EXPRESS
190808,MTS
191545,MTY
100605,Mudita
100294,Multrans Logistics
191286,Muser
190795,MXL
191087,MY
191348,MY
13231,Myanmar Post
190401,MYD
191478,myfba
100933,Myib International Bridge
100693,myKN
100821,MyLerz
101069,Mylerz (DZ)
190638,Myloop
100436,Nacex
14011,Namibia Post
100089,Naqel
100581,NAS Express
100579,Nationex
191189,NBJT
190387,NBT
191307,NBTSZ
101011,Needletail Logistics
100864,Neighbour Express
14031,Nepal Post
100385,NET SPA
100592,New Zealand Couriers
100721,Neway Transport
191244,NEWBEE
190945,Newfengda 
100395,Newgistics
190698,Newhandle
191395,NewYH
100087,Nexive
190789,NextSmartShip
191423,NGF Logistics
100911,Nhất Tín Logistics
14071,Nicaragua Post
14101,Nigerian Post
100729,Nim Express (นิ่มเอ็กซ์เพรส )
100460,Nimbus Post
100597,Ninja Van (International Tracking)
100125,Ninjavan (ID)
101012,Ninjavan (MM)
100127,Ninjavan (MY)
100126,Ninjavan (PH)
100124,Ninjavan (SG)
100128,Ninjavan (TH)
100129,Ninjavan (VN)
100776,Nippon Express (Global)
100601,Nippon Express (日本通運)
191145,NIUKU
100256,Nobordist
190809,Noel
101014,Nomad Express Delivery LLC
100669,Nord Et Ouest Express
100803,Norsk
101172,North Park Transportation
100930,Northline
14081,Norway Post
100035,Nova Poshta
100162,Nova Poshta Global
101176,NOVA POST
100548,nox NachtExpress
101142,NS LOGISTICS
190126,NUO
190743,Nuoyu supply chain
14061,NZ Post (New Zealand Post)
100537,NZT LOGISTICS CORP
100831,Oak Harbor Freight Lines
190508,OBC Logistics
100199,OCA
101028,OCS America
100286,OCS ANA Group
190420,OCS Express
100195,OCS Worldwide
190776,octopus
100498,ODM Express
190657,OGI
191188,OKKJ56
100783,Old Dominion Freight Line
100846,OLVA COURIER
15011,Oman Post
190985,OMGO
100982,Omni Logistics
100187,OmniParcel
5041,Omniva
101085,On Time Courier
100501,Ondot Courier
100753,ONE (Ocean Network Express)
190768,One Express
190405,ONE LINE
191255,One Minute Express 
100011,One World
191079,Onefly Logistics
190568,onetouch-tech
100566,ONEX
100934,ONE-X
191373,ONIX CARGO
190661,ONTASK EXPRESS
100694,Ontime
100049,OnTrac
190244,OOPSTON
100448,Optima
97021,OPT-NC
190205,Orange Connex
100269,OrangeDS
101124,Orchestro
100791,ORIAN
100675,ORLEN Paczka
100247,OSM
190343,OU JIE
190584,Ouguan supply chain
190634,OUHUA
190649,Oulala
190569,OUYOU INTERNATIONALITY
100802,Overseas Express
191232,owi
190320,OYXGJ
101137,Ozon
100054,P2P Mailing
100364,Paack
190696,PAC
101080,Pacific International Lines
100610,PACK & SEND
100132,Packeta
100168,Packlink
100781,Pack-Man
101128,Packs
100816,Pactic
190653,PaFeiTe
190621,Paifeigu
100961,Pakajo
16011,Pakistan Post
100077,PAL Express
16021,Palestine Post
101010,Palletforce
100504,PalletOnline
100900,Palletways
100394,Pall-Ex (UK)
191264,Panda Trolley
100743,Pandion
100906,Pandu Logistics
100880,Panther Logistics
100650,Pantos Logistics (LX PANTOS)
13031,Paositra Malagasy
100910,Paperfly
100147,Paquetexpress
100981,Parcel to Post
100761,PARCEL.ONE
100046,Parcel2GO
11033,Parcelforce
100671,Parcelhub
190396,Parceljet
100943,Parcelpoint
100889,Parcelport
100612,PARCLL
101015,Pargo
100659,parxl
100387,Pass the Parcel
100767,Passport
100697,Pavan Courier Service Pvt. Ltd.
100591,Paxel
100921,PAXI
100762,Payo
191117,PB Logistic
100577,PBT Express Freight Network
100232,PCF
100875,PChome Express
191226,PCJD
100643,PCP EXPRESS
190336,PD
191413,PDN EXPRESS
191504,PDU
100931,Peddler
100459,Pelican (宅配通)
190991,Penavico Shenzhen
191436,Penghai
100401,Penguin
100901,Penta Express
190282,PFC
100107,PFLogistics
191236,PGSSCM
16071,Philippine Post
100379,Pick Pack Pont
100508,Pickrr
190558,Pickupp (HK)
100377,Pickupp (MY)
100378,Pickupp (SG)
190596,Pickupp (TW)
190519,Pigeon Logisitcs
100425,PiggyExpress
100679,Pilot Freight Services
190601,Pingdaguoji
190573,Pinke
100036,Pitney Bowes
100782,PITT OHIO
190874,PKD express
100734,Planzer Parcel
100536,PLG Futár
101104,PLUS Cargo Service
100805,Plycon Transportation Group
101047,PML Intl
16041,PNG Post
100471,Pocztex
16081,Poland Post
100758,Polar Express
100037,Pony Express
9031,Pos Indonesia
13051,Pos Malaysia
100268,Post Haste
100706,Post Luxembourg (LOG)
11071,Posta e Kosovës
100058,Posta Plus
2122,Pošta Srpske
9071,Poste Italiane
6041,Posti
100552,Postmedia Parcel Services (BNI Parcel Tracking)
100644,PostNet
14041,PostNL
14044,PostNL International Mail
100574,PostNord (FI)
100573,PostNord (NO)
4011,PostNord Danmark
19241,PostNord Sweden
100543,PostOne
12084,PostPlus
190820,PP-AIR
190689,PPEX
100176,PPL CZ
100913,Priority1
100319,Pro Carrier
100980,Promed Delivery Inc
190827,PstZX
100549,PT Maju Bersama Semeru (Parcelgoo)
100119,PTS Worldwide Express
20111,PTT
100676,Pullman Cargo
100042,Purolator
101000,Purolator International
100999,Purolator Shipping
101100,PUSHPAK COURIER
191567,PW
190417,PY Express
191083,qc56.ltd
190878,QEP
191505,QH Cross-border logistics
191183,QHGX
191521,QHTF
191097,Qibing Suppy
190952,Qide supply chain
191204,QIFLY INT'L
190737,Qingzhou Supply Chain
190909,QL post
190485,QLN
17011,Q-Post
191443,QQGYL
191517,QQWY
190851,QSY
100695,QTrack
100616,Qualitypost
191277,QuanJing logistics
100109,Quantium Solutions
191419,Quick Cool
191422,QUICK DASH
190889,Quick&Perfct
190201,Quickway
100801,Quiqup
100323,Qwintry Logistics
191408,QY
190374,QYEXP
190383,Qyun
191354,QYZW
191446,QZAJ
100339,R+L Carriers
100329,RaBee Express
100420,Raben Group
100692,RAF
100259,RAM
101117,rastreaê
101049,Raven Force Couriers
190937,RBEX
190153,RCT
100160,Redbox MV
190509,RedC
191553,REDCLOUD
100896,Reddaway
100138,Redpack
100341,Redur
100461,RelaisColis
101072,Relay
100326,Relex
101169,Reliable Mile
100587,REX Kiriman Express
190483,RFL
100850,Rhenus Logistics (IT)
190385,RHM
100151,RINCOS
101121,RIST Transport
100665,Rivigo
100719,Roadbull
100253,Roadrunner Freight
191024,Rocket Logistics
18021,Romania Post
100879,Route 1 Fulfilment
100799,Royal Express
11031,Royal Mail
100033,Royal Shipments
100948,Royale International
100476,RPX Online
191297,RQ Logistics
190429,RRS Logistics
100413,RTT
190339,RUE
190375,Runbai
100285,Runner Express
18031,Russian Post
18041,Rwanda Post
100784,RXO
100522,Ryder
191151,RZN
100165,SAEE
100859,Safe Arrival
100463,Saferbo
100683,Safexpress
190395,SaFly
100040,Sagawa (佐川急便)
100935,Sahara Express
100242,SAIA
191333,SAICHENG LOGISTICS
100051,Sailpost
12091,Saint Lucia Post
190702,Saiyascm
100744,Sameday (BG)
100416,Sameday (HU)
100320,Sameday (RO)
19281,Samoa Post
19051,San Marino Post
190482,Sana
191335,sandiy
190819,Sangzhou
191438,SanHe
100344,SAP EXPRESS
190499,Sapphire Box
19071,Saudi Post
100877,Savar Express
100672,Saveway Logistics
190326,SBD
190987,SC
190992,SC Logistics
100639,SCA Express
190880,ScaleOrder
100740,Scan Global Logistics
190344,SCGJ
101160,SCHNEIDER
100112,SCM
100830,SCORE JAPAN
100019,SDA
190744,SDH
190280,SDK
191394,sdk-logistics
100560,SeaRates
190720,Seashells tong
191164,SEASY LOGISTICS
191048,SEDUM
100622,Segmail
100171,Seino (西濃運輸)
101060,Seino Super Express
100332,SEKO Logistics
100541,Sendex
100248,Sending
100258,SendIt
100123,Sendle
190915,SenFan 
101152,Sengi Express
190087,SenJieTong
191490,SENLEI
101031,Sentral Cargo
191237,SenYuguoji
19091,Serbia Post
16061,Serpost
100938,Servex
100495,servientrega
100946,Servientrega Ecuador
100438,Seur
19111,Seychelles Post
100012,SF Express
101148,SF Express Indonesia
190766,SF Express(CN)
190113,SFC
190826,SFYD Express
100923,SG Link
190346,SGF
100041,SGHグローバル (Sagawa Global)
191014,SGXpress
100102,Shadowfax
190098,Shang Fang
191456,Shanghai Quanna
190762,Shangqi International Logistics
100547,Shape Sky Logistics
190877,SHDJ
190407,SHE
190822,SHENGLAN
190942,Shenzhen Fanglian 
190652,SHIBIDA
190694,ShiFeng
191462,Shilianxin
191003,SHINE-V
100615,SHIPA
100829,ShipBlu
191220,shipby
101106,ShipEntegra
100318,ShipGlobal US
101086,ShipGlobal.in
100352,Shippit
100662,Shiprocket
100677,ShipShopUS
100763,SHIPTER
100367,Shiptor
100751,ShipX
190384,SHJX
190948,SH-LOGTEC
100409,Shopee Xpress (ID)
100408,Shopee Xpress (MY)
100595,Shopee Xpress (SG)
100410,Shopee Xpress (TH)
100863,Shopee Xpress (TW)
100519,ShopeeExpress(PH)
100538,ShopeeExpress(VN)
190472,Shopline Logistics
100696,Shree Mahalabali Express 
100603,Shree Mahavir Express Services
100357,Shree Maruti Courier
100620,Shree Nandan Courier Limited
100347,SHREE TIRUPATI COURIER
100530,ShreeAnjani
190327,SHT
190785,SHT
191273,SHtrack
190276,ShunBang
191347,SHUOJIA
191187,SHY
100848,Shypmax
100590,SiCepat
190714,SIHAI INC
101136,Silpo Pack
190989,Sinfor
19131,Singapore Post
190911,SINGHO
190351,Sinodidi
190137,SINOEX 
191383,Sinolinx
101040,Sislógica
191245,Siwey
190838,SIXU
191070,SIYUNDA
191481,Sizheng Shuntu
191525,SJ INTERNATIONAL
191004,SJKD
191514,SJKJ
191429,SJL
190488,SKR
191404,Skr Logistic
100290,Skroutz Last Mile
190639,SKUARE
100941,Skybox
100825,SkyEx (Sky Express)
191154,SKYGROUP
100452,Skyking
100025,Skynet
100192,Skynet (MY)
100833,Skynet (ZA)
100730,SkyNet Worldwide Express
191470,SKYOCEAN
100149,SkyPostal
191560,SL
190552,SLICITY
100407,Slovak Parcel Service
19141,Slovakia Post
19151,Slovenia Post
190778,SLT
101143,SLX
100170,SMART Post Global
100567,Smartr Logistics
100658,SMB Express
191572,Smile cargo
100034,SMSA Express (سمسا)
100785,SNT Global Logistics
191131,SNX
190654,SoarMall
190692,SOLID LOGISTICS
19161,Solomon Post
2181,Sonapost
100972,Sonic Transportation & Logistics
19171,South Africa Post
190542,South American Post
100368,Southeastern Freight Lines
101024,Southwestern Motor Transport
101002,Spaceship
100322,Spaldex+
100845,Spedisci .online
100908,SPEED & SAFE
100307,Speedaf
191529,SpeedBull
100447,Spee-Dee Delivery
100315,SPEEDEX
101004,Speedpost
190844,SpeedX
100198,Speedy (DPD)
190213,SPES
100955,SPFLY LOGÍSTICA
100907,SPICEXPRESS
191295,SPL
100700,Spoton
101129,Spreetail
100213,Spring GDS
100496,sprint
100582,Sprinter
190059,SprintPack
100172,Sprintstar
191090,SPST
190514,SQGJ
191033,SRH
19191,Sri Lanka Post
190840,SRJ
191486,SRY
190540,SSC
190865,ST
190963,ST
190763,ST CARGO
100604,ST Courier
190705,ST International Express
190377,STADT
100834,Stallion Express
190995,STAR SPEED
101046,Starex
100635,Starex Logistic
100246,Starken
100998,Starlinks Global
100335,StarTrack
190476,Star-Wish
100818,STAT Overnight Delivery
191242,Stellar
100576,Sterling Global Aviation Logistics
191544,STIL
190324,STO Express
190316,STO Global
190605,STONE3PL
100262,Straightship
191206,STS
19201,Sudan Post
190816,SuE
190756,SUGOUEX
191030,suhu supply chain
190171,SUMTOM
190363,Sunnyway
190632,Sunson
191403,Sunya
190072,SUNYOU
191262,Supai
191270,Supcourier
190823,Super Pack Line
100479,Super Parcel
190837,Superbuy
100553,Superhero Express
190566,Superior Digital
191185,SUPERTO
190402,SuperTon
100715,Supreme Express
100703,Surat Kargo (Sürat Kargo)
190866,Suteng Logistics
190449,Suto Logistics
100736,Sutton Transport
191556,SUYITONG
191156,SUZHOUYISU
19021,SVG Post
100868,Svuum
190436,SWE
100499,Swift
100143,Swiship
100415,Swiship (AU)
100570,Swiship (CA)
100312,Swiship (DE)
100571,Swiship (ES)
100572,Swiship (FR)
100564,Swiship (JP)
100214,Swiship (UK)
19251,Swiss Post
100373,Swyft Logistics
191476,SX
190900,SXJD
191461,SY
190221,SYD
191554,SYDL
191352,SYGJ
100992,syncreon
100670,SynShip
190803,SZ Xinhe
191571,SZCYEX
100275,Szendex
191168,SZHY
191157,SZHYT
190961,SZJR
191191,SZM
190523,SZMY
191331,SZSZHYT
190580,SZXYD LOGISTICS
190479,TaiShi
190139,Take Send
191432,TANEX
20031,Tanzania Post
100687,Tata Express
101027,Tax-Air
100215,T-CAT
100824,TCIEXPRESS 
100741,TCK Express
190699,Tclogx
100260,TCS
190318,TDE
191135,TDGJ
191541,TDTWL
100987,Team Express
100872,Team Global Express (MyTeamGE)
191506,team logistics
100613,Team Worldwide
191314,Teamwork
191409,Techlink
100382,Teiker
100912,Tej Couriers
96031,Tele Post
100771,Teleport
191040,TENGXIN
100738,TFMXpress
100061,TForce Final Mile
100399,TForce Freight (UPS Freight)
190297,TFS
101112,TFWW
191401,TH
100397,Thabit Logistics
20041,Thailand Post
100184,The Courier Guy
101163,The Courier Guy (pudo)
101115,The Delivery Group
101055,The Human Express
100279,The Professional Couriers
100862,The United Pallet Network
100806,TheLorryMY
191420,Tianzhen 
190211,Tianzi
100774,TIG
100588,TIKI
100836,Timely Titan EXPRESS
190946,TIMI SC
190323,Tinzung
100185,TIPSA
191477,tiptop
190536,TJ-EXP
191416,TLGJ
100633,TM Cargo
100063,TMG
100092,TMM Express
100004,TNT
100200,TNT (AU)
100241,TNT (FR)
100065,TNT (IT)
190272,TO C LOGISTICS
100789,To My Door
190468,Tocinda
191508,ToLandExp
100009,Toll
100163,Tonami
190194,Tonda Global
20061,Tonga Post
191410,TooEx
100655,Top Logistics Australia (TLA)
190777,Top Post
190753,Topest
191209,TOPEX
191458,TOPLINK
101154,Topnic
190074,TopYou
191252,Torbon Logistics
100995,"Total Transport & Distribution, Inc."
191175,Tourbell
100390,TP Logistics
101097,TQL TRAX
100827,Tracknator
100180,Trackon
100190,TracX Logis
100959,Transaher
191064,TRANSFLY
100903,Transnet Couriers
100505,Trax
100925,Trendyol Express
100865,Tresguerras
20071,Trinidad and Tobago Postal Corporation
100478,TrumpCard
190513,TRUSTONE
191059,Ts
190752,TSCB
190617,TSE
190077,TT Express
190537,TTGJ
191037,TTGJ
100876,TTU Paquetería y Mensajería
190847,Tufan
100524,Tuffnells
190976,Tuobao
100979,Tusk Logistics
190925,Tusou 
20091,Tuvalu Post
190892,TWB
191384,twd logistics
100509,TWS Express Courier
190418,TWTH
100514,TXExpress
190650,TY
191225,TYH
191469,TYL
100775,TYP (To Your Place)
190928,TZ
190193,TZT
191250,U1
100517,Uafrica
101098,UB cab
190112,UBI
100795,UBX
190415,UC Express
191316,UCE
190674,uCorreos
190852,UCS
190341,uda International
191039,Udel
191081,UDS
21011,Uganda Post
100050,UK Mail
21021,Ukrposhta
100426,ULALA
191296,UniHom
190997,Uniment
191550,union express
100839,Unis
100217,United Delivery Service
100134,UniUni
100971,Unknown
101155,Unknown
191019,Unknown
191397,Unknown
191451,Unknown
191454,Unknown
191474,Unknown
100788,Un-line（Global Un-line Express）
191360,UOF International logistics
100002,UPS
100398,UPS Mail Innovations
100475,UPU
190930,URAL
100252,UrbanFox
101082,URBANO
100293,Urvaam
101170,US Cargo
190122,Usky
190092,U-Speed
21051,USPS
190797,UstEx
190109,UTEC
190238,UVAN
190248,UXTX
21031,Uzbekistan Post
100442,Valley TMS
100403,Vamaship
100330,Vamox
191192,VANJ Express
22021,Vanuatu Post
100363,Vasp Expresso
101068,Veho
100218,Venipak
190518,VerykShip
100136,Vestovoy
191258,VGL
100535,Via Cargo
100950,ViaXpress 
22043,VietNam EMS
22041,VietNam Post
100611,Viettel Post
101020,Vinted Go
101096,Vitran Express
191369,VMN EXPRESS
190432,Vnlin
100792,Vozovoz
190796,VYANG
100183,Wahana Prestasi Logistik
100580,Walkers Transport
190733,WALLABY EXPRESS
190890,Wan Yuntong
190086,Wanb Express
191118,Wanyu 
100920,Ward Transport & Logistics Corp
100878,Wassel (واصل)
191364,WC
190800,WCX
191085,WDEXPMAMA
100355,WEDO
190684,WEDO
191050,WEIKU
190853,WEISA
190578,Weitu Technology Logistics
190170,WEL
100701,WePost
100113,West Bank
191216,West Ocean
191389,Western Post
190675,WESTLINK
191241,Weton Logistics
190998,WEXSU
191007,Whats Ship
190784,WHER EXPRESS
100159,Whistl
190102,WHT
191222,WHWDT
190615,WIA Fulfill
191223,Willcang
100100,Wing
190284,WINIT
190085,Wise Express
100895,Wiseloads
191001,Wiselution
190165,Wishpost
100490,Wizmo
191345,WJ logistics
191068,WJDGJ Express
191452,WKGJ
190440,WLD Express
190403,WM
100361,wnDirect
191271,Wokexp
100965,Woojin Interlogis
191172,Wooolink
101145,Woori Courier
190511,worldwide logistics
191522,WS
190100,WSE Logistics
190178,WSH
190581,WST
190760,WUYOU
190313,WWE
191082,WXYEXPRESS
190693,Wynn Express
101090,Xalq.Global
191176,XBHGJ
190751,XC international logistics
101007,Xcargo
191447,XDB
100835,XDE Logistics
101167,XDP DELIVERIES
100167,XDP EXPRESS
191265,XDY
190868,X-Eagle
190633,XH
190907,XHY
191414,XICHEN
100991,Xindus
190554,XINGSU
190608,XingTongGlobal
190081,XINGYUAN
191325,XinHong
191475,Xinjiyun
190532,XinMaTai
191306,XinMiao Logistics
191012,XinRan
190604,Xinyan international
191536,XinYang Freight
191144,XIONGBUY
191351,Xiuyuantianxia
190919,XJD
190629,XJWL
191254,XKP
191527,XL
100939,XL EXPRESS
101005,XLCourier
101131,Xmiles
100731,XPERT Delivery
100254,XPO
100101,Xpressbees
190038,XQE
190477,XS Express
190893,xslong
190549,XT
191346,XTGJ
190630,XTOOLS
191248,XUANCHEN
191281,XUANSI 
191212,XuExpress
190671,XUNHE
191573,XWWT
190406,XXD
191300,XYEX
190717,xyexp
191035,XYH
190167,XYL
191036,xypost
191072,XYS
190701,XYTKJ
190340,XYY
191374,XZD
191500,XZG
191109,XZX
100062,Yamato (ヤマト運輸)
100722,Yamato Logistics (HK)
100924,Yamato Transport Singapore
190012,YANWEN
190719,yaohongguoji
191044,YARESEA
190496,YBD
190495,YC
190682,YC LOGISTICS
190801,YCGJ
100892,YCS Logistics
191292,YD
190794,YD LOGISTICS
190251,YDGJ
190200,YDH
191186,YDKJ
190529,YDM
190243,YDS
190732,YDT
190531,Yechain
25011,Yemen Post
190813,YES
100711,Yes Courier
190673,Yes-speed
191240,YF
190593,YF518
190389,YFH
191388,YFHK
190410,YFHT
190394,YFM
190296,YHA
190114,YHT
190772,YHT
190614,YI
191329,YIBAI
190825,YIDA
190292,YIDST
190459,YiFan
190857,YIFAN
191137,Yifan international
190957,YIMI
190441,YiMiDiDa
190972,YingDe
191327,Yinghui 
191231,yitongda
191091,Yiwu Huayue
191094,Yiwu Jetta
191020,Yiwu Leyi 
191282,Yiwu Pengyuan
191480,Yixing International
191062,YIYA
190669,YJ
190106,YJI
191448,YJYX
190252,YL
190253,YL
190636,YLE
190943,YLT
191107,YLXD
190565,YME
191263,YMGJ
190920,YMGYL
190096,YMY
191417,YNE
191218,YNYN
100017,Yodel
100084,Yona Express
191418,Yongtongcheng
191160,YOTECH
100653,YOU TRACK
190517,YOUDA
191509,Youjiaus
190446,YouMeiYuTong
190724,Youtai
190622,youyiex
191146,Yoybuy
191239,YP
190912,YPLD
100441,YRC Freight
190319,YSD
190798,YSDPOST
191010,YSGJ logistics
191211,YSGYL
191425,ysk
191315,YTAD
191268,YTDT
191492,YTGYL
190988,YTKJ
190157,YTO Express
191289,YUANCHUAN
190212,YuanHao Logistics
191533,Yuanteng logistics
190886,Yuanzk
191291,Yue'an Logistics
190771,Yuegejing
191435,YUETO
190830,Yuetu
190561,YUEX LOGISTICS
190741,Yuhong
190683,YUNANT
191197,Yunda Express
101063,YundaExpress (Asia)
101045,YundaExpress (TW)
190008,YunExpress
191430,Yunhengda
190607,YunHui Logistics
191512,YUNJI
190917,Yunjian 
190618,YUNQI
191275,Yunqi
190563,YunS
190668,YUNWUJIE
191133,Yunxi
191558,yunxi logistics
100348,Yurtici Kargo
100686,Yusen Logistics
190861,YUU
190986,YWBZ
191534,YWD
191278,YWE
190411,YWGJ
190484,YXIL
190941,YY
190294,YYEXPRESS
191445,YYGJ
190640,YYpost
190367,YYT
190729,Z1Express
101033,ZAJEL
100082,Zajil Express
26011,Zambia Post
100419,Zasilkovna(Zásilkovna)
190258,ZCE
191018,ZCT LOGISTICS
190068,ZDSD
191495,ZEC
190970,ZEJI GUOJI
100144,Zeleris
190620,ZFEX
191125,ZFGJ
191256,ZFY
191342,ZH
191027,Zhanmei
191045,Zhema
190815,Zhicheng
191520,ZHIHUI LOGISTICS
190759,ZhijiedaSupplyChain
190648,zhixian
191431,ZHJY
190557,ZHMY
190870,ZHONGLING
190635,Zhongpeng
190748,ZhongShu Supply Chain
191324,ZHOUBOTONG
190439,ZHXT Express
26021,Zimbabwe Post
100038,Zinc
191130,Zippy
191041,ZIS
191005,ZJRM
191507,ZJYT
191051,ZKGJ
190642,ZL international
190564,ZLC
191328,ZLS
100786,ZMC Express
191148,ZMETAPORT
100926,ZOOM
191158,ZOUMABANG
190463,ZSDExpress
190325,ZSGJ
190835,ZST
190338,ZT
191171,ZTJYun
191326,ZTO CWST
190455,ZTO Express
191106,ZTO Freight
190175,ZTO International
191552,ZTOCCW
190535,ZTT
190646,ZTWL
190198,ZXG
190960,ZY
191434,ZY International Logistics
190750,ZY56
190530,ZYEX
191441,ZYGJ
191387,ZYGJ 
191428,ZYGJ Logistlcs
190862,ZYQQ
191530,ZZWL
100975,Байкал Сервис
100568,Еконт (Econt)
100093,КСЭ (CSE)
100793,ПЭК (PEC)
100546,СберЛогистика (SberLogistics)
100968,ТК Энергия
100974,Транспортная компания КИТ (KIT)
100583,Юнитрейд (Unitrade)
100973,エコ配 (ecohai)
100637,건영택배 (KUNYONG EXPRESS)
100569,경동택배 (KYOUNGDONG)
101103,久留米運送株式会社
190791,剑展物流
190550,埃德维OTW
190586,天胜国际(TSL)
190647,环越国际专线
191034,百腾物流